"Chrom","Position","RSID","Reference","Alternate","Consequence","Protein Consequence","Transcript Consequence","Filter","Annotation","Flags","Allele Count","Allele Number","Number of Homozygotes","Allele Frequency","Allele Count African","Allele Number African","Homozygote Count African","Allele Count East Asian","Allele Number East Asian","Homozygote Count East Asian","Allele Count European (Non-Finnish)","Allele Number European (Non-Finnish)","Homozygote Count European (Non-Finnish)","Allele Count Finnish","Allele Number Finnish","Homozygote Count Finnish","Allele Count Latino","Allele Number Latino","Homozygote Count Latino","Allele Count Other","Allele Number Other","Homozygote Count Other","Allele Count South Asian","Allele Number South Asian","Homozygote Count South Asian"
"7","98870974",".","G","A","","","n.2448G>A","PASS","non coding transcript exon","","1","12188","0","0.00008205","0","512","0","0","194","0","0","3552","0","0","0","0","0","182","0","0","132","0","1","7616","0"
"7","98870986",".","G","A","","","n.2460G>A","PASS","non coding transcript exon","","1","12196","0","0.00008199","0","518","0","0","194","0","1","3552","0","0","0","0","0","184","0","0","132","0","0","7616","0"
"7","98870997","rs28608208","A","G","","","n.2471A>G","PASS","non coding transcript exon","","3899","12294","762","0.3171","473","580","195","53","196","5","592","3576","51","1","2","0","53","186","6","32","134","7","2695","7620","498"
"7","98870997","rs28608208","A","T","","","n.2471A>T","PASS","non coding transcript exon","","1","12294","0","0.00008134","0","580","0","0","196","0","0","3576","0","0","2","0","0","186","0","0","134","0","1","7620","0"
"7","98871048",".","T","C","n.2520+2T>C","","n.2520+2T>C","PASS","splice donor","LC LoF","1","12114","0","0.00008255","0","528","0","0","184","0","0","3482","0","0","4","0","0","172","0","0","132","0","1","7612","0"
"7","98871055",".","C","T","","","n.2520+9C>T","PASS","intron","","9","12078","1","0.0007452","0","518","0","0","186","0","0","3464","0","0","2","0","0","170","0","0","132","0","9","7606","1"
"7","98871069",".","AG","A","","","n.2520+29delG","PASS","intron","","1","12042","0","0.00008304","0","512","0","0","186","0","0","3450","0","0","4","0","1","170","0","0","130","0","0","7590","0"
"7","98871070","rs114037712","G","T","","","n.2520+24G>T","PASS","intron","","19","12036","0","0.001579","13","508","0","0","186","0","0","3440","0","0","4","0","0","170","0","0","132","0","6","7596","0"
"7","98871071","rs57685378","G","C","","","n.2520+25G>C","PASS","intron","","796","12042","34","0.06610","95","508","8","4","186","0","181","3444","5","0","4","0","15","168","0","7","134","2","494","7598","19"
"7","98871075","rs191470737","G","C","","","n.2520+29G>C","PASS","intron","","3","12002","0","0.0002500","1","488","0","1","186","0","0","3438","0","0","4","0","0","168","0","0","132","0","1","7586","0"
"7","98871095",".","T","C","","","n.2520+49T>C","PASS","intron","","1","11910","0","0.00008396","0","470","0","0","184","0","0","3386","0","0","12","0","0","164","0","0","132","0","1","7562","0"
"7","98875117",".","C","G","","","n.2521-45C>G","PASS","intron","","16","8280","0","0.001932","0","522","0","0","182","0","0","2518","0","0","8","0","0","166","0","0","90","0","16","4794","0"
"7","98875197","rs61739368","G","A","","","n.2556G>A","PASS","non coding transcript exon","","4","12302","0","0.0003252","1","608","0","0","204","0","3","3594","0","0","6","0","0","184","0","0","132","0","0","7574","0"
"7","98875215",".","G","A","","","n.2574G>A","PASS","non coding transcript exon","","1","12406","0","0.00008061","1","610","0","0","204","0","0","3650","0","0","10","0","0","188","0","0","132","0","0","7612","0"
"7","98875239",".","C","T","","","n.2598C>T","PASS","non coding transcript exon","","1","12490","0","0.00008006","0","614","0","0","210","0","0","3708","0","0","24","0","1","186","0","0","134","0","0","7614","0"
"7","98875292","rs190987611","C","T","","","n.2651C>T","PASS","non coding transcript exon","","24","12288","0","0.001953","0","584","0","0","210","0","24","3592","0","0","10","0","0","186","0","0","132","0","0","7574","0"
"7","98875326",".","G","A","","","n.2685G>A","PASS","non coding transcript exon","","1","10966","0","0.00009119","0","536","0","0","200","0","0","3198","0","0","10","0","0","164","0","0","124","0","1","6734","0"
"7","98875338",".","A","G","n.2694+3A>G","","n.2694+3A>G","PASS","splice region","","22","10226","1","0.002151","0","516","0","0","196","0","0","2992","0","0","6","0","0","152","0","0","120","0","22","6244","1"
"7","98875339",".","C","T","n.2694+4C>T","","n.2694+4C>T","PASS","splice region","","1","10060","0","0.00009940","0","506","0","0","186","0","1","2958","0","0","6","0","0","146","0","0","114","0","0","6144","0"
"7","98875354",".","G","T","","","n.2694+19G>T","PASS","intron","","1","9142","0","0.0001094","1","472","0","0","180","0","0","2696","0","0","2","0","0","140","0","0","96","0","0","5556","0"
"7","98875372",".","A","C","","","n.2694+37A>C","PASS","intron","","1","8066","0","0.0001240","0","448","0","0","178","0","1","2400","0","0","2","0","0","132","0","0","90","0","0","4816","0"
"7","98877091","rs79446859","T","C","","","n.2695-42T>C","PASS","intron","","365","10770","8","0.03389","2","378","0","3","168","0","76","2920","1","0","0","0","9","148","0","4","122","1","271","7034","6"
"7","98877105",".","C","A","","","n.2695-28C>A","PASS","intron","","1","11010","0","0.00009083","0","388","0","0","172","0","0","2996","0","0","2","0","0","152","0","0","120","0","1","7180","0"
"7","98877112",".","C","T","","","n.2695-21C>T","PASS","intron","","1","11336","0","0.00008821","0","400","0","0","170","0","0","3084","0","0","2","0","0","152","0","0","122","0","1","7406","0"
"7","98877163",".","C","T","","","n.2725C>T","PASS","non coding transcript exon","","1","12170","0","0.00008217","1","526","0","0","196","0","0","3530","0","0","4","0","0","170","0","0","130","0","0","7614","0"
"7","98877168","rs112278253","G","A","","","n.2730G>A","PASS","non coding transcript exon","","1","12200","0","0.00008197","1","530","0","0","198","0","0","3552","0","0","4","0","0","172","0","0","130","0","0","7614","0"
"7","98877186",".","C","T","","","n.2748C>T","PASS","non coding transcript exon","","2","12278","0","0.0001629","0","542","0","0","200","0","0","3596","0","0","4","0","0","184","0","0","132","0","2","7620","0"
"7","98877207",".","G","A","","","n.2769G>A","PASS","non coding transcript exon","","1","12302","0","0.00008129","0","550","0","0","200","0","1","3614","0","0","2","0","0","184","0","0","132","0","0","7620","0"
"7","98877226",".","C","T","","","n.2788C>T","PASS","non coding transcript exon","","1","12314","0","0.00008121","0","554","0","0","200","0","0","3620","0","0","2","0","0","186","0","0","132","0","1","7620","0"
"7","98877248",".","T","C","","","n.2810T>C","PASS","non coding transcript exon","","1","12312","0","0.00008122","0","556","0","0","198","0","0","3618","0","0","2","0","0","186","0","0","132","0","1","7620","0"
"7","98877252",".","G","A","","","n.2814G>A","PASS","non coding transcript exon","","3","12312","0","0.0002437","0","556","0","0","198","0","0","3618","0","0","2","0","0","186","0","0","132","0","3","7620","0"
"7","98877267","rs11769461","C","A","","","n.2829C>A","PASS","non coding transcript exon","","1677","12320","179","0.1361","176","564","27","16","198","2","87","3618","0","0","2","0","8","186","1","8","132","0","1382","7620","149"
"7","98877267","rs11769461","C","T","","","n.2829C>T","PASS","non coding transcript exon","","61","12320","0","0.004951","0","564","0","1","198","0","0","3618","0","0","2","0","0","186","0","0","132","0","60","7620","0"
"7","98877275","rs115927539","G","A","","","n.2837G>A","PASS","non coding transcript exon","","38","12322","0","0.003084","14","558","0","0","200","0","6","3624","0","0","2","0","1","186","0","3","132","0","14","7620","0"
"7","98877298",".","G","T","","","n.2860G>T","PASS","non coding transcript exon","","2","12322","0","0.0001623","0","558","0","0","200","0","0","3622","0","0","2","0","0","188","0","0","132","0","2","7620","0"
"7","98877332",".","C","T","","","n.2894C>T","PASS","non coding transcript exon","","1","12314","0","0.00008121","0","558","0","0","200","0","0","3614","0","0","2","0","0","188","0","0","132","0","1","7620","0"
"7","98877373",".","CG","C","","","n.2922+17delG","PASS","intron","","5","11782","0","0.0004244","0","554","0","0","200","0","0","3452","0","0","2","0","5","182","0","0","126","0","0","7266","0"
"7","98877374",".","G","A","","","n.2922+14G>A","PASS","intron","","1","11764","0","0.00008501","0","554","0","0","200","0","0","3448","0","0","2","0","0","172","0","0","126","0","1","7262","0"
"7","98877375",".","G","A","","","n.2922+15G>A","PASS","intron","","1","11748","0","0.00008512","0","552","0","0","200","0","0","3446","0","0","2","0","0","172","0","0","126","0","1","7250","0"
"7","98877382",".","G","C","","","n.2922+22G>C","PASS","intron","","8","11526","0","0.0006941","0","548","0","0","200","0","0","3386","0","0","2","0","0","182","0","0","122","0","8","7086","0"
"7","98877386",".","C","T","","","n.2922+26C>T","PASS","intron","","2","11350","0","0.0001762","0","548","0","0","200","0","0","3330","0","0","2","0","0","180","0","0","116","0","2","6974","0"
"7","98877393","rs59709577","C","T","","","n.2922+33C>T","PASS","intron","","16","11070","0","0.001445","14","540","0","0","194","0","1","3254","0","0","2","0","0","182","0","0","114","0","1","6784","0"
"7","98877400",".","C","T","","","n.2922+40C>T","PASS","intron","","1","10784","0","0.00009273","0","538","0","0","196","0","1","3180","0","0","2","0","0","178","0","0","114","0","0","6576","0"
"7","98878544","rs138061825","C","T","","","n.2968C>T","PASS","non coding transcript exon","","62","8126","2","0.007630","2","492","0","0","190","0","20","2514","0","0","2","0","2","156","0","2","88","0","36","4684","2"
"7","98878646",".","T","A","","","n.3027+43T>A","PASS","intron","","1","2934","0","0.0003408","0","386","0","0","134","0","0","1210","0","0","2","0","0","118","0","0","32","0","1","1052","0"
"7","98878649","rs145990741","G","A","","","n.3027+46G>A","PASS","intron","","20","2790","0","0.007168","1","384","0","0","126","0","11","1188","0","0","2","0","2","110","0","0","32","0","6","948","0"
"7","98881141",".","G","A","","","n.3028-47G>A","PASS","intron","","9","12202","0","0.0007376","0","562","0","0","198","0","0","3576","0","0","2","0","0","188","0","0","132","0","9","7544","0"
"7","98881156","rs116807665","C","T","","","n.3028-32C>T","PASS","intron","","37","12216","1","0.003029","26","562","1","0","198","0","9","3568","0","0","2","0","1","188","0","0","132","0","1","7566","0"
"7","98881168","rs11983985","G","C","","","n.3028-20G>C","PASS","intron","","458","12270","11","0.03733","28","560","1","4","198","0","96","3596","1","0","2","0","12","188","0","4","132","1","314","7594","8"
"7","98881195",".","T","A","","","n.3035T>A","PASS","non coding transcript exon","","1","12334","0","0.00008108","0","574","0","0","198","0","0","3622","0","0","2","0","0","188","0","0","132","0","1","7618","0"
"7","98881199","rs17161650","C","T","","","n.3039C>T","PASS","non coding transcript exon","","303","12342","27","0.02455","164","582","25","0","198","0","72","3622","0","0","2","0","7","190","1","5","132","0","55","7616","1"
"7","98881213",".","A","T","","","n.3053A>T","PASS","non coding transcript exon","","1","12340","0","0.00008104","0","572","0","0","198","0","0","3628","0","0","2","0","0","188","0","0","132","0","1","7620","0"
"7","98881229",".","C","T","","","n.3069C>T","PASS","non coding transcript exon","","1","12342","0","0.00008102","0","570","0","0","198","0","0","3630","0","0","4","0","0","188","0","0","132","0","1","7620","0"
"7","98881261","rs150482143","C","T","","","n.3101C>T","PASS","non coding transcript exon","","1","12332","0","0.00008109","1","568","0","0","198","0","0","3622","0","0","4","0","0","188","0","0","132","0","0","7620","0"
"7","98881262",".","G","A","","","n.3102G>A","PASS","non coding transcript exon","","1","12324","0","0.00008114","0","566","0","0","198","0","1","3618","0","0","4","0","0","186","0","0","132","0","0","7620","0"
"7","98881272",".","G","A","n.3112G>A","","n.3112G>A","PASS","splice region","","1","12322","0","0.00008116","0","564","0","0","198","0","0","3618","0","0","4","0","0","188","0","0","132","0","1","7618","0"
"7","98881462",".","C","T","","","n.3115-34C>T","PASS","intron","","1","7608","0","0.0001314","0","510","0","0","184","0","0","2472","0","0","2","0","0","152","0","0","92","0","1","4196","0"
"7","98881501","rs61742315","G","C","","","n.3120G>C","PASS","non coding transcript exon","","13","10126","0","0.001284","13","552","0","0","194","0","0","3048","0","0","2","0","0","172","0","0","110","0","0","6048","0"
"7","98881508","rs145203369","T","C","","","n.3127T>C","PASS","non coding transcript exon","","5","10676","0","0.0004683","5","550","0","0","194","0","0","3172","0","0","2","0","0","180","0","0","116","0","0","6462","0"
"7","98881511",".","G","A","","","n.3130G>A","PASS","non coding transcript exon","","16","11058","0","0.001447","0","552","0","0","194","0","0","3254","0","0","2","0","0","182","0","0","118","0","16","6756","0"
"7","98881529",".","C","T","","","n.3148C>T","PASS","non coding transcript exon","","2","11794","0","0.0001696","0","554","0","0","198","0","2","3428","0","0","2","0","0","186","0","0","126","0","0","7300","0"
"7","98881534",".","G","A","","","n.3153G>A","PASS","non coding transcript exon","","1","12014","0","0.00008324","1","560","0","0","198","0","0","3492","0","0","4","0","0","186","0","0","130","0","0","7444","0"
"7","98881547",".","G","T","","","n.3166G>T","PASS","non coding transcript exon","","1","12118","0","0.00008252","0","562","0","0","198","0","0","3512","0","0","4","0","0","188","0","0","132","0","1","7522","0"
"7","98881553",".","C","T","","","n.3172C>T","PASS","non coding transcript exon","","4","12142","0","0.0003294","0","562","0","0","198","0","0","3524","0","0","4","0","0","188","0","0","132","0","4","7534","0"
"7","98881553",".","C","G","","","n.3172C>G","PASS","non coding transcript exon","","1","12142","0","0.00008236","0","562","0","0","198","0","0","3524","0","0","4","0","0","188","0","0","132","0","1","7534","0"
"7","98881554",".","G","A","","","n.3173G>A","PASS","non coding transcript exon","","2","12146","0","0.0001647","0","562","0","0","198","0","0","3524","0","0","4","0","0","188","0","0","132","0","2","7538","0"
"7","98881586","rs137946847","G","A","","","n.3205G>A","PASS","non coding transcript exon","","1","12100","0","0.00008264","0","560","0","0","200","0","1","3520","0","0","2","0","0","186","0","0","132","0","0","7500","0"
"7","98881588",".","C","A","","","n.3207C>A","PASS","non coding transcript exon","","3","12088","0","0.0002482","0","560","0","0","200","0","0","3510","0","0","2","0","0","186","0","0","132","0","3","7498","0"
"7","98881596","rs185320317","A","G","","","n.3215A>G","PASS","non coding transcript exon","","1","11946","0","0.00008371","0","560","0","1","198","0","0","3492","0","0","2","0","0","184","0","0","132","0","0","7378","0"
"7","98881608",".","G","A","","","n.3227G>A","PASS","non coding transcript exon","","1","11504","0","0.00008693","0","560","0","0","198","0","0","3374","0","0","2","0","0","184","0","0","130","0","1","7056","0"
"7","98881624",".","C","G","","","n.3243C>G","PASS","non coding transcript exon","","1","10180","0","0.00009823","0","552","0","0","194","0","0","3056","0","0","2","0","0","168","0","0","104","0","1","6104","0"
"7","98881625",".","G","A","","","n.3244G>A","PASS","non coding transcript exon","","3","10080","0","0.0002976","0","552","0","2","194","0","0","3036","0","0","2","0","0","166","0","0","106","0","1","6024","0"
"7","98881654","rs11971111","G","A","","","n.3260+13G>A","PASS","intron","","832","6922","52","0.1202","132","516","18","4","176","0","207","2228","7","0","2","0","17","152","0","9","72","2","463","3776","25"
"7","98881657",".","G","A","","","n.3260+16G>A","PASS","intron","","1","5710","0","0.0001751","0","464","0","0","166","0","1","1940","0","0","2","0","0","138","0","0","64","0","0","2936","0"
"7","98882460",".","C","T","n.3261-8C>T","","n.3261-8C>T","PASS","splice region","","1","11822","0","0.00008459","0","436","0","0","174","0","0","3332","0","0","2","0","0","158","0","0","126","0","1","7594","0"
"7","98882477",".","G","A","","","n.3270G>A","PASS","non coding transcript exon","","1","11864","0","0.00008429","0","440","0","0","176","0","0","3362","0","0","2","0","0","158","0","0","126","0","1","7600","0"
"7","98882497","rs113139187","C","T","","","n.3290C>T","PASS","non coding transcript exon","","2","11894","1","0.0001682","0","440","0","0","172","0","0","3386","0","0","2","0","0","166","0","0","126","0","2","7602","1"
"7","98882531",".","G","A","","","n.3324G>A","PASS","non coding transcript exon","","28","11824","0","0.002368","1","422","0","0","178","0","9","3332","0","0","2","0","0","166","0","0","126","0","18","7598","0"
"7","98882537","rs150794421","G","A","","","n.3330G>A","PASS","non coding transcript exon","","11","11808","1","0.0009316","11","426","1","0","178","0","0","3314","0","0","2","0","0","166","0","0","124","0","0","7598","0"
"7","98882558",".","G","C","n.3351G>C","","n.3351G>C","PASS","splice region","","1","11716","0","0.00008535","1","404","0","0","180","0","0","3254","0","0","4","0","0","160","0","0","124","0","0","7590","0"
"7","98882559",".","G","A","n.3351+1G>A","","n.3351+1G>A","PASS","splice donor","LC LoF","8","11718","0","0.0006827","0","402","0","0","178","0","8","3258","0","0","4","0","0","162","0","0","124","0","0","7590","0"
"7","98883008",".","C","T","","","n.3355C>T","PASS","non coding transcript exon","","7","12324","0","0.0005680","1","562","0","0","200","0","6","3620","0","0","2","0","0","188","0","0","132","0","0","7620","0"
"7","98883009",".","G","A","","","n.3356G>A","PASS","non coding transcript exon","","1","12324","0","0.00008114","1","560","0","0","200","0","0","3622","0","0","2","0","0","188","0","0","132","0","0","7620","0"
"7","98883012","rs114396933","T","C","","","n.3359T>C","PASS","non coding transcript exon","","3","12326","0","0.0002434","3","562","0","0","200","0","0","3622","0","0","2","0","0","188","0","0","132","0","0","7620","0"
"7","98883046",".","G","C","","","n.3393G>C","PASS","non coding transcript exon","","3","12322","0","0.0002435","0","558","0","0","200","0","0","3622","0","0","2","0","0","188","0","0","132","0","3","7620","0"
"7","98883087",".","T","C","","","n.3408+26T>C","PASS","intron","","2","12296","0","0.0001627","0","554","0","0","200","0","0","3606","0","0","2","0","0","188","0","0","132","0","2","7614","0"
"7","98883104","rs181488683","C","G","","","n.3408+43C>G","PASS","intron","","11","12268","0","0.0008966","1","554","0","0","200","0","4","3590","0","0","2","0","1","188","0","0","132","0","5","7602","0"
"7","98885512","rs145243437","C","A","n.3496-3C>A","","n.3496-3C>A","PASS","splice region","","2","12150","0","0.0001646","2","550","0","0","196","0","0","3530","0","0","2","0","0","182","0","0","132","0","0","7558","0"
"7","98885517",".","C","G","n.3498C>G","","n.3498C>G","PASS","splice region","","1","12166","0","0.00008220","0","552","0","0","196","0","0","3540","0","0","2","0","0","182","0","0","132","0","1","7562","0"
"7","98885528",".","G","A","","","n.3509G>A","PASS","non coding transcript exon","","2","12234","0","0.0001635","0","554","0","0","196","0","0","3572","0","0","2","0","0","182","0","0","132","0","2","7596","0"
"7","98885534",".","G","A","","","n.3515G>A","PASS","non coding transcript exon","","5","12248","0","0.0004082","0","554","0","0","196","0","0","3586","0","0","2","0","2","182","0","0","132","0","3","7596","0"
"7","98885558",".","G","A","","","n.3539G>A","PASS","non coding transcript exon","","1","12254","0","0.00008161","0","556","0","0","196","0","0","3590","0","0","2","0","0","184","0","0","132","0","1","7594","0"
"7","98885561",".","G","A","","","n.3542G>A","PASS","non coding transcript exon","","1","12276","0","0.00008146","0","558","0","0","196","0","0","3600","0","0","2","0","1","184","0","0","132","0","0","7604","0"
"7","98885578","rs61745729","G","A","","","n.3559G>A","PASS","non coding transcript exon","","74","12298","1","0.006017","24","560","1","0","196","0","9","3610","0","0","2","0","2","184","0","0","132","0","39","7614","0"
"7","98885595",".","G","A","","","n.3576G>A","PASS","non coding transcript exon","","15","12302","0","0.001219","0","558","0","0","196","0","9","3610","0","0","2","0","2","184","0","2","132","0","2","7620","0"
"7","98885598",".","G","A","","","n.3579G>A","PASS","non coding transcript exon","","3","12302","0","0.0002439","0","558","0","0","196","0","1","3610","0","0","2","0","0","184","0","0","132","0","2","7620","0"
"7","98885623","rs61745713","G","A","","","n.3604G>A","PASS","non coding transcript exon","","17","12304","0","0.001382","8","556","0","0","196","0","9","3614","0","0","2","0","0","184","0","0","132","0","0","7620","0"
"7","98885645","rs61747205","C","T","","","n.3626C>T","PASS","non coding transcript exon","","311","12306","28","0.02527","172","556","26","0","196","0","73","3614","0","0","2","0","6","186","1","6","132","0","54","7620","1"
"7","98885722","rs114121577","G","T","","","n.3703G>T","PASS","non coding transcript exon","","49","12260","3","0.003997","44","534","3","0","196","0","1","3598","0","0","2","0","1","182","0","0","132","0","3","7616","0"
"7","98885729",".","A","G","","","n.3710A>G","PASS","non coding transcript exon","","1","12234","0","0.00008174","0","522","0","0","194","0","0","3588","0","0","2","0","0","180","0","0","132","0","1","7616","0"
"7","98885744",".","C","A","","","n.3725C>A","PASS","non coding transcript exon","","1","12168","0","0.00008218","0","522","0","0","190","0","0","3538","0","0","2","0","0","178","0","0","130","0","1","7608","0"
"7","98885787",".","G","A","","","n.3741+27G>A","PASS","intron","","1","11692","0","0.00008553","0","460","0","0","178","0","0","3326","0","0","2","0","0","164","0","0","126","0","1","7436","0"
"7","98886870",".","C","G","","","n.3742-40C>G","PASS","intron","","1","3138","0","0.0003187","0","208","0","1","114","0","0","1054","0","0","0","0","0","48","0","0","38","0","0","1676","0"
"7","98886875",".","G","A","","","n.3742-35G>A","PASS","intron","","2","3328","0","0.0006010","1","212","0","0","118","0","0","1092","0","0","0","0","0","46","0","1","40","0","0","1820","0"
"7","98886928",".","G","A","","","n.3760G>A","PASS","non coding transcript exon","","1","9480","0","0.0001055","0","372","0","0","164","0","0","2648","0","0","0","0","0","136","0","0","110","0","1","6050","0"
"7","98886963",".","C","T","","","n.3795C>T","PASS","non coding transcript exon","","1","11466","0","0.00008721","0","448","0","0","178","0","1","3244","0","0","0","0","0","160","0","0","128","0","0","7308","0"
"7","98886986",".","G","A","","","n.3818G>A","PASS","non coding transcript exon","","1","11558","0","0.00008652","0","474","0","0","184","0","0","3310","0","0","2","0","0","162","0","0","130","0","1","7296","0"
"7","98886990","rs191278629","C","G","","","n.3822C>G","PASS","non coding transcript exon","","1","11550","0","0.00008658","0","472","0","0","184","0","0","3318","0","0","2","0","1","162","0","0","130","0","0","7282","0"
"7","98887018","rs114672351","C","T","","","n.3850C>T","PASS","non coding transcript exon","","7","10698","0","0.0006543","6","472","0","0","190","0","0","3094","0","0","2","0","0","162","0","1","128","0","0","6650","0"
"7","98887067",".","A","C","","","n.3859+40A>C","PASS","intron","","1","7812","0","0.0001280","0","428","0","0","178","0","0","2434","0","0","2","0","0","138","0","0","86","0","1","4546","0"
"7","98887067",".","A","T","","","n.3859+40A>T","PASS","intron","","1","7812","0","0.0001280","0","428","0","0","178","0","0","2434","0","0","2","0","0","138","0","0","86","0","1","4546","0"
"7","98887076",".","A","C","","","n.3859+49A>C","PASS","intron","","1","7434","0","0.0001345","0","428","0","0","172","0","0","2342","0","0","2","0","0","138","0","0","82","0","1","4270","0"
"7","98888920","rs190928881","A","G","","","n.3860-26A>G","PASS","intron","","5","11834","0","0.0004225","5","558","0","0","198","0","0","3418","0","0","2","0","0","186","0","0","128","0","0","7344","0"
"7","98888956",".","T","G","","","n.3870T>G","PASS","non coding transcript exon","","1","12276","0","0.00008146","0","558","0","0","198","0","0","3584","0","0","2","0","0","188","0","0","132","0","1","7614","0"
"7","98888993",".","C","T","","","n.3907C>T","PASS","non coding transcript exon","","1","12308","0","0.00008125","0","560","0","0","198","0","0","3610","0","0","2","0","0","188","0","0","132","0","1","7618","0"
"7","98889008","rs118073704","C","T","","","n.3922C>T","PASS","non coding transcript exon","","36","12312","0","0.002924","4","560","0","5","200","0","11","3610","0","0","2","0","11","188","0","2","132","0","3","7620","0"
"7","98889027",".","C","T","","","n.3941C>T","PASS","non coding transcript exon","","1","12308","0","0.00008125","0","560","0","0","200","0","0","3606","0","0","2","0","0","188","0","0","132","0","1","7620","0"
"7","98889044",".","T","C","","","n.3958T>C","PASS","non coding transcript exon","","38","12300","1","0.003089","0","560","0","0","198","0","0","3600","0","0","2","0","0","188","0","1","134","0","37","7618","1"
"7","98889085",".","C","T","","","n.3987+12C>T","PASS","intron","","1","11824","0","0.00008457","0","558","0","0","198","0","0","3466","0","0","2","0","1","188","0","0","128","0","0","7284","0"
"7","98889887",".","C","T","","","n.3988-48C>T","PASS","intron","","3","10394","0","0.0002886","0","554","0","0","188","0","0","2964","0","0","4","0","0","176","0","0","116","0","3","6392","0"
"7","98889898","rs191138512","A","G","","","n.3988-37A>G","PASS","intron","","1","10814","0","0.00009247","0","560","0","1","194","0","0","3058","0","0","4","0","0","178","0","0","120","0","0","6700","0"
"7","98889911",".","C","T","","","n.3988-24C>T","PASS","intron","","3","11176","0","0.0002684","0","562","0","0","198","0","3","3164","0","0","2","0","0","180","0","0","120","0","0","6950","0"
"7","98889912",".","G","A","","","n.3988-23G>A","PASS","intron","","1","11326","0","0.00008829","0","564","0","0","198","0","0","3228","0","0","4","0","0","180","0","0","124","0","1","7028","0"
"7","98889946",".","C","T","","","n.3999C>T","PASS","non coding transcript exon","","1","12212","0","0.00008189","0","566","0","1","200","0","0","3534","0","0","2","0","0","188","0","0","132","0","0","7590","0"
"7","98889947",".","G","A","","","n.4000G>A","PASS","non coding transcript exon","","1","12236","0","0.00008173","1","572","0","0","200","0","0","3544","0","0","2","0","0","188","0","0","132","0","0","7598","0"
"7","98889954","rs116972017","T","A","","","n.4007T>A","PASS","non coding transcript exon","","433","12312","8","0.03517","2","574","0","4","206","0","110","3602","1","0","2","0","10","190","0","4","132","1","303","7606","6"
"7","98889967",".","C","A","","","n.4020C>A","PASS","non coding transcript exon","","1","12386","0","0.00008074","0","576","0","0","210","0","1","3656","0","0","4","0","0","190","0","0","132","0","0","7618","0"
"7","98889976",".","C","T","","","n.4029C>T","PASS","non coding transcript exon","","4","12434","0","0.0003217","0","582","0","0","216","0","0","3688","0","0","4","0","0","190","0","0","134","0","4","7620","0"
"7","98889990","rs61745639","T","C","","","n.4043T>C","PASS","non coding transcript exon","","10","12528","0","0.0007982","0","602","0","0","226","0","9","3746","0","0","8","0","0","190","0","1","136","0","0","7620","0"
"7","98890037",".","C","T","","","n.4090C>T","PASS","non coding transcript exon","","1","12856","0","0.00007778","0","660","0","0","236","0","0","3982","0","0","22","0","0","194","0","0","142","0","1","7620","0"
"7","98890038",".","G","A","","","n.4091G>A","PASS","non coding transcript exon","","1","12902","0","0.00007751","0","680","0","0","240","0","0","4004","0","0","22","0","1","194","0","0","142","0","0","7620","0"
"7","98890087",".","C","T","","","n.4140C>T","PASS","non coding transcript exon","","1","14974","0","0.00006678","0","906","0","0","380","0","0","5460","0","0","92","0","0","292","0","0","160","0","1","7684","0"
"7","98890093",".","C","T","","","n.4146C>T","PASS","non coding transcript exon","","4","15174","1","0.0002636","0","922","0","0","392","0","0","5600","0","0","100","0","0","306","0","0","164","0","4","7690","1"
"7","98890137","rs140786503","T","A","n.4184+6T>A","","n.4184+6T>A","PASS","splice region","","16","14384","0","0.001112","15","828","0","0","350","0","0","5136","0","0","86","0","1","298","0","0","162","0","0","7524","0"
"7","98890137","rs140786503","T","G","n.4184+6T>G","","n.4184+6T>G","PASS","splice region","","1","14384","0","0.00006952","0","828","0","0","350","0","0","5136","0","0","86","0","0","298","0","0","162","0","1","7524","0"
"7","98890153","rs142043869","A","G","","","n.4184+22A>G","PASS","intron","","1","13282","0","0.00007529","1","708","0","0","296","0","0","4488","0","0","60","0","0","228","0","0","154","0","0","7348","0"
"7","98891653","rs142314339","C","T","","","n.4197C>T","PASS","non coding transcript exon","","1","10506","0","0.00009518","0","546","0","1","198","0","0","3168","0","0","2","0","0","172","0","0","108","0","0","6312","0"
"7","98891706",".","C","T","","","n.4250C>T","PASS","non coding transcript exon","","1","12208","0","0.00008191","0","558","0","0","198","0","1","3568","0","0","2","0","0","186","0","0","132","0","0","7564","0"
"7","98891713","rs61743187","C","T","","","n.4257C>T","PASS","non coding transcript exon","","15","12214","0","0.001228","8","556","0","0","198","0","1","3568","0","0","2","0","1","186","0","0","132","0","5","7572","0"
"7","98891714",".","G","A","","","n.4258G>A","PASS","non coding transcript exon","","1","12214","0","0.00008187","0","556","0","0","198","0","0","3570","0","0","2","0","0","186","0","0","132","0","1","7570","0"
"7","98891721","rs139073715","A","G","","","n.4265A>G","PASS","non coding transcript exon","","8","12198","0","0.0006558","8","554","0","0","198","0","0","3560","0","0","0","0","0","186","0","0","132","0","0","7568","0"
"7","98891729",".","A","G","","","n.4273A>G","PASS","non coding transcript exon","","1","12160","0","0.00008224","0","550","0","1","198","0","0","3554","0","0","2","0","0","186","0","0","130","0","0","7540","0"
"7","98891742",".","A","G","","","n.4286A>G","PASS","non coding transcript exon","","1","12066","0","0.00008288","1","548","0","0","196","0","0","3536","0","0","2","0","0","184","0","0","132","0","0","7468","0"
"7","98891759",".","ATCG","A","","","n.4304_4306delTCG","PASS","non coding transcript exon","","2","11608","1","0.0001723","0","546","0","0","196","0","0","3394","0","0","2","0","0","180","0","0","132","0","2","7158","1"
"7","98891810","rs115570691","G","A","","","n.4317+37G>A","PASS","intron","","3","8986","0","0.0003339","2","508","0","0","188","0","1","2680","0","0","2","0","0","152","0","0","100","0","0","5356","0"
"7","98894351","rs189409594","A","G","","","n.4345A>G","PASS","non coding transcript exon","","1","12964","0","0.00007714","0","628","0","0","242","0","1","4120","0","0","2","0","0","190","0","0","142","0","0","7640","0"
"7","98894395",".","G","A","","","n.4389G>A","PASS","non coding transcript exon","","5","12678","0","0.0003944","5","598","0","0","228","0","0","3900","0","0","2","0","0","190","0","0","138","0","0","7622","0"
"7","98894414",".","G","A","","","n.4408G>A","PASS","non coding transcript exon","","1","12622","0","0.00007923","0","600","0","0","220","0","0","3850","0","0","6","0","0","192","0","0","134","0","1","7620","0"
"7","98894419",".","AG","A","","","n.4414delG","PASS","non coding transcript exon","","1","12612","0","0.00007929","0","602","0","0","220","0","0","3844","0","0","4","0","0","188","0","0","134","0","1","7620","0"
"7","98894444","rs180947584","C","T","","","n.4438C>T","PASS","non coding transcript exon","","1","12562","0","0.00007961","0","590","0","0","212","0","1","3810","0","0","4","0","0","188","0","0","136","0","0","7622","0"
"7","98894446",".","C","T","","","n.4440C>T","PASS","non coding transcript exon","","1","12556","0","0.00007964","0","586","0","0","214","0","1","3810","0","0","4","0","0","188","0","0","134","0","0","7620","0"
"7","98894512","rs145047597","C","T","","","n.4506C>T","PASS","non coding transcript exon","","18","12546","0","0.001435","7","590","0","0","214","0","9","3772","0","0","20","0","1","192","0","0","136","0","1","7622","0"
"7","98894513",".","G","A","","","n.4507G>A","PASS","non coding transcript exon","","3","12530","0","0.0002394","0","590","0","0","216","0","2","3756","0","0","20","0","0","190","0","0","136","0","1","7622","0"
"7","98894527",".","T","C","","","n.4521T>C","PASS","non coding transcript exon","","1","12422","0","0.00008050","0","570","0","0","208","0","0","3692","0","0","14","0","1","186","0","0","134","0","0","7618","0"
"7","98895235",".","A","G","","","n.4535-48A>G","PASS","intron","","29","10228","0","0.002835","0","530","0","0","188","0","0","3100","0","0","2","0","0","166","0","0","116","0","29","6126","0"
"7","98895250","rs733991","C","T","","","n.4535-33C>T","PASS","intron","","1824","10790","248","0.1690","393","558","140","5","194","0","370","3160","26","1","2","0","30","170","2","24","122","5","1001","6584","75"
"7","98895251",".","G","A","","","n.4535-32G>A","PASS","intron","","1","10952","0","0.00009131","0","562","0","0","194","0","0","3218","0","0","2","0","0","172","0","0","124","0","1","6680","0"
"7","98895254",".","T","A","","","n.4535-29T>A","PASS","intron","","1","11066","0","0.00009037","1","562","0","0","194","0","0","3248","0","0","2","0","0","172","0","0","126","0","0","6762","0"
"7","98895255","rs183036402","C","T","","","n.4535-28C>T","PASS","intron","","5","11052","0","0.0004524","5","560","0","0","194","0","0","3250","0","0","2","0","0","170","0","0","126","0","0","6750","0"
"7","98895257",".","T","C","","","n.4535-26T>C","PASS","intron","","2","11210","0","0.0001784","0","560","0","0","194","0","0","3280","0","0","2","0","0","172","0","0","126","0","2","6876","0"
"7","98895285",".","G","A","n.4537G>A","","n.4537G>A","PASS","splice region","","1","12138","0","0.00008239","0","562","0","0","196","0","0","3524","0","0","2","0","0","186","0","0","132","0","1","7536","0"
"7","98895347",".","GT","G","","","n.4601delT","PASS","non coding transcript exon","","2","12322","0","0.0001623","0","562","0","0","200","0","2","3618","0","0","2","0","0","188","0","0","132","0","0","7620","0"
"7","98895378",".","G","A","","","n.4630G>A","PASS","non coding transcript exon","","1","12312","0","0.00008122","0","560","0","0","198","0","0","3614","0","0","2","0","0","186","0","0","132","0","1","7620","0"
"7","98895386",".","G","C","","","n.4638G>C","PASS","non coding transcript exon","","1","12302","0","0.00008129","1","556","0","0","198","0","0","3610","0","0","2","0","0","186","0","0","132","0","0","7618","0"
"7","98895388","rs114209130","T","G","","","n.4640T>G","PASS","non coding transcript exon","","20","12310","1","0.001625","15","560","1","0","198","0","1","3612","0","0","4","0","0","184","0","0","132","0","4","7620","0"
"7","98895439",".","C","G","","","n.4671+20C>G","PASS","intron","","2","12282","0","0.0001628","2","554","0","0","198","0","0","3596","0","0","2","0","0","184","0","0","130","0","0","7618","0"
"7","98895445",".","G","A","","","n.4671+26G>A","PASS","intron","","5","12280","0","0.0004072","0","556","0","0","198","0","0","3596","0","0","2","0","1","184","0","0","130","0","4","7614","0"
"7","98895514",".","G","C","n.4672-1G>C","","n.4672-1G>C","PASS","splice acceptor","LC LoF","15","12252","0","0.001224","0","546","0","0","192","0","0","3588","0","0","2","0","0","182","0","0","130","0","15","7612","0"
"7","98895523",".","G","C","","","n.4680G>C","PASS","non coding transcript exon","","1","12238","0","0.00008171","0","544","0","0","192","0","0","3580","0","0","2","0","0","180","0","0","130","0","1","7610","0"
"7","98895545",".","T","A","","","n.4702T>A","PASS","non coding transcript exon","","2","12214","0","0.0001637","0","542","0","0","192","0","0","3562","0","0","2","0","0","182","0","0","130","0","2","7604","0"
"7","98895561",".","T","A","","","n.4718T>A","PASS","non coding transcript exon","","59","12172","0","0.004847","0","534","0","0","192","0","0","3536","0","0","2","0","0","174","0","0","130","0","59","7604","0"
"7","98895565",".","A","G","","","n.4722A>G","PASS","non coding transcript exon","","16","12154","0","0.001316","0","532","0","0","192","0","0","3526","0","0","2","0","0","172","0","0","130","0","16","7600","0"
"7","98895575",".","G","A","","","n.4732G>A","PASS","non coding transcript exon","","1","12118","0","0.00008252","0","528","0","0","190","0","0","3504","0","0","2","0","0","170","0","0","130","0","1","7594","0"
"7","98895579","rs186263161","G","A","","","n.4736G>A","PASS","non coding transcript exon","","29","12116","0","0.002394","0","522","0","0","190","0","11","3510","0","0","2","0","0","168","0","0","132","0","18","7592","0"
"7","98895582",".","G","A","","","n.4739G>A","PASS","non coding transcript exon","","1","12106","0","0.00008260","0","522","0","0","190","0","0","3504","0","0","2","0","0","168","0","0","130","0","1","7590","0"
"7","98895619",".","G","A","n.4775+1G>A","","n.4775+1G>A","PASS","splice donor","LC LoF","1","11988","0","0.00008342","0","496","0","0","186","0","0","3436","0","0","2","0","0","162","0","0","130","0","1","7576","0"